{
  "project_info": {
    "project_number": "592774804910",
    "firebase_url": "https://amtel-app.firebaseio.com",
    "project_id": "amtel-app",
    "storage_bucket": "amtel-app.appspot.com"
  },
  "client": [
    {
      "client_info": {
        "mobilesdk_app_id": "1:592774804910:android:1c9892410a4b62bf3e043f",
        "android_client_info": {
          "package_name": "cz.prague.cvut.fit.steuejan.amtelapp"
        }
      },
      "oauth_client": [
        {
          "client_id": "592774804910-8ss8d7rka31d1usvrqkht1qeiscnticp.apps.googleusercontent.com",
          "client_type": 1,
          "android_info": {
            "package_name": "cz.prague.cvut.fit.steuejan.amtelapp",
            "certificate_hash": "4d3dbdfc336e51db28972dfd8ef04a54d4b74168"
          }
        },
        {
          "client_id": "592774804910-l47dkrof4c3bl6a2ltb74bembgm43ctb.apps.googleusercontent.com",
          "client_type": 3
        }
      ],
      "api_key": [
        {
          "current_key": "AIzaSyD9jT0sInwya6lZ1nItWV4H-My3ndF5YFc"
        }
      ],
      "services": {
        "appinvite_service": {
          "other_platform_oauth_client": [
            {
              "client_id": "592774804910-l47dkrof4c3bl6a2ltb74bembgm43ctb.apps.googleusercontent.com",
              "client_type": 3
            }
          ]
        }
      }
    }
  ],
  "configuration_version": "1"
}